avg_departure_delay,avg_arrival_delay,flight_count,avg_distance
16.882510013351133,10.207432432432432,1573,476.3541004450095
16.48632668144863,8.283370618941088,1459,467.89307745030845
13.407529722589167,2.0317880794701986,1627,476.4886293792256
13.567164179104477,5.471050750536097,1511,492.4685638649901
22.672190201729105,10.415762834417931,1462,505.4904240766074
28.952978056426332,22.511904761904763,1437,528.4307585247043
31.39882697947214,23.763256161314413,1494,539.4370816599733
17.296806966618288,5.313911143481428,1456,544.8846153846154
7.754231550440081,-7.143051771117166,1540,579.6220779220779
9.334348355663824,-1.345565749235474,1673,596.2080095636582
7.564444444444445,-0.029243483788938335,1595,586.2727272727273
19.781088082901555,14.04696673189824,1633,559.7011635027557
6.9323583180987205,0.9823788546255506,2794,1350.460272011453
8.276923076923078,1.0937890787828262,2517,1350.2713547874453
8.700291332847778,-2.9766508573513315,2787,1348.3344097595982
11.696207285016898,8.257833144582861,2722,1338.6546656869948
9.66462093862816,-4.682066205893052,2803,1338.463432037103
14.627777777777778,6.48117778606038,2757,1330.4559303590859
12.112620664998213,4.317443120260021,2882,1324.4201943095072
7.169964664310954,-2.304008513657325,2856,1326.282913165266
5.694272445820434,-8.57398753894081,2614,1338.3228768171384
3.002217294900222,-3.7943682845498334,2715,1336.638305709024
3.1020328381548086,-2.0176470588235293,2577,1345.733022894839
11.711427472104656,7.7196765498652296,2705,1357.1951940850277
7.354838709677419,8.96774193548387,62,2402.0
0.7222222222222222,-12.74074074074074,56,2402.0
8.419354838709678,-4.838709677419355,62,2402.0
11.316666666666666,3.5,60,2402.0
6.774193548387097,-10.796610169491526,62,2402.0
13.083333333333334,-3.75,60,2402.0
2.4193548387096775,-15.725806451612904,62,2402.0
2.870967741935484,-18.096774193548388,62,2402.0
-4.516666666666667,-34.9,60,2402.0
0.6774193548387096,-25.919354838709676,62,2402.0
3.076923076923077,-10.807692307692308,52,2402.0
18.01851851851852,7.462962962962963,54,2402.0
9.493435943866002,4.717199184228416,4427,1061.629545967924
13.772911392405064,12.47934093789607,4103,1056.890567877163
14.240690090469178,10.860935524652339,4772,1063.127409891031
15.165174574753804,13.266651715631307,4517,1078.8377241531991
9.77856042262822,2.716773198148556,4576,1050.2711975524476
20.3921697287839,18.541318681318682,4622,1066.4872349632194
24.902315190901707,23.34924520603835,4984,1068.1653290529696
15.678593086719223,11.31613033798826,4952,1065.8794426494346
6.634260341201215,-2.514519906323185,4291,1065.2360755068748
2.963064923147511,-2.9683268303878814,4361,1071.6636092639303
3.517265515632291,-0.8766674467587176,4289,1080.437631149452
17.004496788008566,19.50171821305842,4741,1093.8116431132673
3.8497678229991807,-4.404651162790698,3690,1220.390514905149
5.53743961352657,-4.726006660611565,3444,1226.9959349593496
9.933430162188332,1.4148884578079535,4189,1248.5485796132728
8.166544387380778,3.444362745098039,4092,1246.6006842619745
9.741167811579981,-0.3900639449090015,4082,1248.0869671729545
18.7359413202934,13.261828879627359,4126,1237.2833252544838
20.582242323256366,14.920631125986134,4251,1238.1912491178546
9.846974263853467,0.8327914537854157,4318,1233.5502547475683
5.52607124419205,-4.414533229893975,3883,1231.1465361833634
3.4175018332925937,-6.295110024449878,4093,1226.8961641827511
2.8539121393293474,-2.760812923397603,3849,1232.878150168875
10.790235525024533,6.169904106220802,4093,1248.4053261666259
24.228879418400602,25.160191725529767,4171,522.3766482857828
21.523327712197865,20.26900254309127,3827,525.0655866213745
26.16981992249829,20.717455959734615,4726,537.5909860347017
22.767548906789415,21.168710946540152,4561,560.0732295549221
20.242477104230264,14.174113009198424,4817,565.6832053145112
25.496833901607403,21.2679754601227,4456,568.3287701974865
26.50472241419028,21.66837090402045,4641,584.8543417366947
16.26182820395039,11.010145261701638,4563,581.0164365548981
8.237970253718284,-1.870712401055409,4725,576.8118518518519
13.41804979253112,9.040108063175396,4908,577.9262428687856
9.827979038505354,5.087422962793883,4471,579.229031536569
27.8871834228703,26.77306604985865,4307,566.7648014859531
10.0,21.83050847457627,59,1620.0
29.770833333333332,31.145833333333332,49,1620.0
16.75438596491228,12.666666666666666,57,1620.0
24.63157894736842,34.31578947368421,57,1620.0
35.94827586206897,27.086206896551722,58,1620.0
29.436363636363637,26.636363636363637,55,1620.0
31.810344827586206,36.41379310344828,58,1620.0
22.21818181818182,20.618181818181817,55,1620.0
8.263157894736842,2.2857142857142856,58,1620.0
9.701754385964913,9.859649122807017,57,1620.0
13.533333333333333,18.216666666666665,61,1620.0
13.147540983606557,22.983606557377048,61,1620.0
1.9722222222222223,3.317901234567901,328,691.030487804878
5.180851063829787,4.24822695035461,296,691.0
17.25245901639344,16.13201320132013,316,672.4525316455696
13.121311475409836,19.31023102310231,311,665.7620578778135
19.183229813664596,18.332298136645964,325,666.5384615384615
38.806584362139915,41.96680497925311,252,646.1269841269841
41.16269841269841,44.96774193548387,263,644.0342205323194
23.41015625,24.83529411764706,263,645.4220532319391
16.948818897637796,15.071146245059289,255,647.4901960784314
13.679487179487179,15.991452991452991,236,672.2966101694915
16.866336633663366,18.53960396039604,202,662.6188118811881
26.10576923076923,29.10576923076923,213,659.1830985915493
54.38709677419355,27.483870967741936,31,4983.0
17.357142857142858,-28.821428571428573,28,4983.0
1.1612903225806452,-17.322580645161292,31,4983.0
-2.1,-17.066666666666666,30,4983.0
-1.4516129032258065,-21.06451612903226,31,4983.0
1.4666666666666666,1.8333333333333333,30,4983.0
-1.7096774193548387,3.0,31,4983.0
1.6774193548387097,4.387096774193548,31,4983.0
-5.44,-19.4,25,4983.0
-5.095238095238095,-14.428571428571429,21,4983.0
-5.44,2.32,25,4983.0
-3.142857142857143,-9.357142857142858,28,4983.0
6.485494106980961,7.883794825238311,2271,565.6772346983707
8.092962184873949,7.33104540654699,2044,565.0469667318982
7.193261581656528,2.8541959681200186,2256,564.5363475177305
13.738095238095237,18.132247244849065,2211,566.9149706015378
13.925858951175407,11.939007737824307,2284,567.0875656742556
20.84234234234234,23.14372163388805,2178,566.1423324150597
20.7453095684803,22.744549763033174,2261,568.2352941176471
10.050276752767529,10.436372049976862,2263,569.2903225806451
5.350544765513974,1.5625596943648519,2206,577.4854941069809
4.478956999085087,4.299587723316537,2228,574.0058348294434
3.2779711586275484,4.847804391217565,2056,571.9168287937744
12.732732732732734,14.86066398390342,2139,578.4263674614306
67.0,107.0,1,733.0
61.0,68.5,2,488.0
64.0,64.5,4,419.0
-4.9411764705882355,-8.882352941176471,20,419.0
0.8,-1.0,5,852.2
8.326167209554832,3.175599128540305,4637,1461.5460427000216
7.711233797407585,0.19461149867693048,4346,1435.730096640589
11.68960617133577,1.5530657975147688,4971,1455.590424461879
13.651642628205128,8.707513057452791,5047,1502.0279373885476
12.259470468431772,-2.436196319018405,4960,1555.3207661290323
20.265376782077393,12.794882292732856,4975,1574.5973869346733
20.1052,10.681351840675921,5066,1580.9093959731545
12.424402663533098,3.4572271386430677,5124,1592.9469164715067
6.890823124865678,-7.668464193270061,4694,1568.1146144013635
6.645039682539682,-1.5259185700099305,5060,1528.5883399209486
6.372261264985531,-1.3024652993577792,4854,1534.378450762258
17.72273949927581,14.004565262502593,4931,1543.2482255120665
1.817363344051447,1.4311454311454312,1602,536.0923845193508
0.9801641586867305,0.27266483516483514,1552,527.2474226804123
2.7226941747572817,-0.49969604863221884,1721,551.7187681580476
4.062574493444576,5.713432835820895,1727,540.5506658946149
3.1848883800801375,-0.022388059701492536,1785,548.1641456582634
10.404833836858007,11.314094775212636,1736,568.1601382488479
9.443335290663535,9.86302175191064,1786,567.3863381858903
4.960941987363584,2.760782058654399,1779,551.283305227656
1.9625829812914906,-4.721113127646703,1698,525.0223792697291
0.14104683195592285,-2.616868798235943,1846,554.351570964247
0.5761390887290168,-2.6694661067786445,1699,571.8410829899941
4.943652849740933,5.00454840805718,1605,598.3601246105919
1.0634920634920635,-15.280254777070065,316,2495.0601265822784
6.609195402298851,-12.659003831417625,271,2492.712177121771
9.676567656765677,-6.316831683168317,303,2491.937293729373
14.643776824034335,2.0493562231759657,466,2498.8175965665237
17.830645161290324,-3.086693548387097,496,2501.5
28.4125,26.684759916492695,480,2501.5
35.26337448559671,22.734989648033125,489,2501.1860940695296
6.607361963190184,-1.2801635991820042,489,2501.1431492842535
6.988962472406181,-6.577433628318584,453,2500.774834437086
4.012738853503185,-9.278131634819532,472,2500.737288135593
7.803611738148984,4.702272727272727,451,2501.0975609756097
6.096153846153846,3.8008658008658007,476,2500.126050420168
9.137055837563452,5.886294416243655,996,942.1716867469879
11.751451800232289,0.3368298368298368,911,949.7277716794731
15.24607329842932,3.1580611169652264,998,978.2154308617235
18.22360248447205,14.020746887966805,980,989.9785714285714
16.939271255060728,2.9544534412955468,1006,989.2803180914512
30.5147347740668,22.089285714285715,1028,1014.4221789883269
24.628169014084506,14.830827067669173,1076,1015.157063197026
21.787965616045845,12.999037536092397,1047,1017.9990448901624
14.166832174776564,2.243756243756244,1010,1018.1841584158416
12.460055096418733,6.396139705882353,1091,1013.7974335472044
11.007782101167315,4.082846003898635,1033,1007.6437560503388
24.894785847299815,23.97486033519553,1099,1007.869881710646
15.846153846153847,13.76923076923077,46,229.0
10.673913043478262,3.6956521739130435,48,229.0
31.88888888888889,25.055555555555557,18,229.0
27.11111111111111,30.97222222222222,38,403.07894736842104
15.409090909090908,4.7727272727272725,49,402.57142857142856
42.794871794871796,44.58974358974359,49,389.7142857142857
22.434782608695652,27.840579710144926,81,439.0
19.066666666666666,18.35,65,432.53846153846155
8.880952380952381,-2.7857142857142856,42,476.5
20.0,15.0,66,396.04545454545456
10.520833333333334,2.5625,49,346.7142857142857
13.113636363636363,7.27906976744186,50,375.86
